year,pci
2020,3431.9807692307804
2021,3510.1322701688623
2022,3588.283771106944
2023,3666.435272045026
2024,3744.586772983108
2025,3822.738273921219
2026,3900.889774859301
2027,3979.0412757973827
2028,4057.1927767354646
2029,4135.3442776735465
2030,4213.495778611628
2031,4291.64727954971
2032,4369.798780487821
2033,4447.950281425903
2034,4526.101782363985
2035,4604.253283302067
2036,4682.404784240149
2037,4760.556285178231
2038,4838.7077861163125
2039,4916.8592870544235
2040,4995.010787992505
